DATA,ATIVO,COTAS,VLR COTA
2014-06-09 00:00:00,,,
2014-06-20 00:00:00,,,
2014-06-23 00:00:00,ETER3,100.0,8.48
2014-07-22 00:00:00,,,
2014-07-29 00:00:00,BBAS3,400.0,
2014-07-29 00:00:00,,,
2014-07-30 00:00:00,,,
2014-07-31 00:00:00,ETER3,100.0,8.52
2014-08-07 00:00:00,ETER3,100.0,8.59
2014-08-13 00:00:00,VALE5,80.0,27.76
2014-08-19 00:00:00,BBAS3,-200.0,29.98
2014-08-25 00:00:00,ETER3,200.0,8.39
2014-08-27 00:00:00,VALE5,50.0,27.25
2014-08-28 00:00:00,ETER3,,
2014-08-28 00:00:00,VALE5,70.0,26.12
2014-08-29 00:00:00,BBAS3,,
2014-09-01 00:00:00,ETER3,100.0,8.36
2014-09-02 00:00:00,BBAS3,-200.0,35.9
2014-09-05 00:00:00,VALE5,100.0,24.7
2014-09-05 00:00:00,,,
2014-09-12 00:00:00,ETER3,200.0,7.87
2014-10-01 00:00:00,ETER3,800.0,0.0
2014-10-31 00:00:00,VALE5,,
2014-10-31 00:00:00,,,
2014-11-27 00:00:00,ETER3,,
2014-11-28 00:00:00,,,
2015-02-06 00:00:00,ETER3,-1600.0,3.1
2015-02-11 00:00:00,,,
2015-03-31 00:00:00,ETER3,,
2015-04-30 00:00:00,VALE5,,
2015-06-09 00:00:00,VALE5,-300.0,17.0
TOTAL,,0.0,
,,,
,,,
2016-03-11 00:00:00,,,
2016-03-15 00:00:00,PETR4,200.0,6.7
2016-03-16 00:00:00,,,
2016-03-16 00:00:00,BBAS3,100.0,18.22
2016-03-17 00:00:00,PETRD10,100.0,0.3
2016-03-17 00:00:00,PETR4,-200.0,8.14
2016-03-23 00:00:00,BBAS3,-100.0,21.0
2016-03-23 00:00:00,PETR4,500.0,7.9
2016-03-30 00:00:00,PETR4,-500.0,9.0
2016-04-04 00:00:00,PETR4,600.0,7.8
2016-04-08 00:00:00,PETR4,-600.0,8.25
2016-04-27 00:00:00,CMIG3,600.0,7.48
2016-07-20 00:00:00,,,
2016-07-21 00:00:00,ITSA4,100.0,8.34
2016-07-26 00:00:00,,,
2016-07-26 00:00:00,CMIG3,400.0,8.9
2016-07-27 00:00:00,,,
2016-07-27 00:00:00,PETR4,100.0,11.65
2016-07-28 00:00:00,BBAS3,49.0,20.69
2016-07-28 00:00:00,BBAS3,51.0,20.7
2016-08-02 00:00:00,TAEE11,100.0,23.35
2016-08-01 00:00:00,NTNB,,
2016-08-02 00:00:00,,,
2016-08-04 00:00:00,,,
2016-08-04 00:00:00,ITSA4,100.0,8.66
2016-08-09 00:00:00,KLBN4,500.0,2.51
2016-08-15 00:00:00,NTNB,,
2016-08-16 00:00:00,PETRI29,10000.0,0.01
2016-08-11 00:00:00,ETER3,800.0,1.76
2016-08-18 00:00:00,,,
2016-08-18 00:00:00,CMIG3,100.0,9.44
2016-08-18 00:00:00,ETER3,200.0,1.73
2016-08-24 00:00:00,CMIG3,100.0,8.85
2016-08-25 00:00:00,ITSA4,,
2016-08-26 00:00:00,ITSA4,100.0,8.55
2016-08-29 00:00:00,TAEE11,,
2016-08-29 00:00:00,TAEE11,,
2016-08-30 00:00:00,NTNB,,
2016-08-31 00:00:00,ITSA4,100.0,8.57
2016-08-31 00:00:00,BBAS3,,
2016-09-02 00:00:00,,,
2016-09-02 00:00:00,ETER3,800.0,1.65
2016-09-02 00:00:00,KLBN4,500.0,2.58
2016-09-08 00:00:00,,,
2016-09-02 00:00:00,ITSA4,200.0,8.41
2016-09-20 00:00:00,,,
2016-09-20 00:00:00,CMIG3,100.0,8.6
2016-09-26 00:00:00,,,
2016-09-26 00:00:00,NTNB,,
2016-09-26 00:00:00,NTNB,,
2016-09-30 00:00:00,BBAS3,,
2016-10-03 00:00:00,,,
2016-10-03 00:00:00,TAEE11,100.0,20.81
2016-10-03 00:00:00,ITSA4,,
2016-10-06 00:00:00,,,
2016-10-10 00:00:00,,,
2016-10-10 00:00:00,ITSA4,200.0,8.81
2016-10-11 00:00:00,NTNB,,
2016-10-17 00:00:00,,,
2016-10-20 00:00:00,,,
2016-10-20 00:00:00,CMIG3,200.0,8.85
2016-10-25 00:00:00,,,
2016-10-25 00:00:00,ITSA4,200.0,8.81
2016-10-31 00:00:00,,,
2016-11-01 00:00:00,TAEE11,76.0,20.46
2016-11-09 00:00:00,,,
2016-11-09 00:00:00,NTNB,,
2016-11-14 00:00:00,CMIG3,100.0,8.94
2016-11-14 00:00:00,KLBN4,,
2016-11-16 00:00:00,,,
2016-11-16 00:00:00,TAEE11,60.0,18.58
2016-11-18 00:00:00,,,
2016-11-18 00:00:00,TAEE11,64.0,18.83
2016-11-18 00:00:00,NTNB,,
2016-11-22 00:00:00,,,
2016-11-23 00:00:00,ITSA4,100.0,8.74
2016-11-29 00:00:00,BBAS3,,
2016-12-01 00:00:00,,,
2016-12-01 00:00:00,CMIG3,200.0,7.75
2016-12-02 00:00:00,NTNB,,
2016-12-05 00:00:00,TAEE11,,
2016-12-07 00:00:00,,,
2016-12-09 00:00:00,ITSA4,100.0,8.19
2016-12-12 00:00:00,NTNB,,
2016-12-19 00:00:00,,,
2016-12-20 00:00:00,,,
2016-12-20 00:00:00,NTNB,,
2016-12-20 00:00:00,ITSA4,100.0,7.93
2016-12-29 00:00:00,BBAS3,,
2016-12-29 00:00:00,CMIG3,,
2017-01-02 00:00:00,ITSA4,,
2017-01-02 00:00:00,,,
2017-01-02 00:00:00,ETER3,500.0,1.42
2017-01-04 00:00:00,KLBN4,300.0,2.81
2017-01-11 00:00:00,,,
2017-01-16 00:00:00,ITSA4,100.0,8.7
2017-01-23 00:00:00,,,
2017-01-23 00:00:00,HGTX3,100.0,15.73
2017-01-23 00:00:00,NTNB,,
2017-01-30 00:00:00,,,
2017-01-31 00:00:00,,,
2017-02-01 00:00:00,,,
2017-02-01 00:00:00,HGTX3,100.0,15.54
2017-02-01 00:00:00,KLBN4,500.0,2.79
2017-02-06 00:00:00,NTNB,,
2017-02-15 00:00:00,NTNB,,
2017-02-15 00:00:00,NTNB,,
2017-03-02 00:00:00,,,
2017-03-03 00:00:00,ITSA4,,
2017-03-06 00:00:00,ITSA4,100.0,10.01
2017-03-10 00:00:00,BBAS3,,
2017-03-13 00:00:00,,,
2017-03-14 00:00:00,PETR4,100.0,13.9
2017-03-14 00:00:00,NTNB,,
2017-03-17 00:00:00,,,
2017-03-28 00:00:00,NTNB,,
2017-03-28 00:00:00,ITSA4,100.0,9.68
2017-03-31 00:00:00,BBAS3,,
2017-04-03 00:00:00,ITSA4,,
2017-04-04 00:00:00,,,
2017-04-04 00:00:00,NTNB,,
2017-04-04 00:00:00,ETER3,1000.0,1.31
2017-04-06 00:00:00,ITSA4,,
2017-05-12 00:00:00,KLBN4,,
2017-05-12 00:00:00,TAEE11,,
2017-05-22 00:00:00,CMIG3,100.0,7.89
2017-05-24 00:00:00,,,
2017-05-24 00:00:00,NTNB,,
2017-05-24 00:00:00,CMIG3,100.0,7.89
2017-05-31 00:00:00,HGTX3,,
2017-05-31 00:00:00,TAEE11,,
2017-05-31 00:00:00,BBAS3,,
2017-05-31 00:00:00,,,
2017-05-31 00:00:00,ITSA4,200.0,8.93
2017-06-07 00:00:00,,,
2017-06-08 00:00:00,CSNA3,300.0,6.48
2017-06-13 00:00:00,,,
2017-06-13 00:00:00,ITSA4,200.0,8.84
2017-06-19 00:00:00,AJUSTE,,
2017-06-19 00:00:00,NTNB,,
2017-06-28 00:00:00,HGTX3,,
2017-06-30 00:00:00,CMIG3,,
2017-06-30 00:00:00,BBAS3,,
2017-07-03 00:00:00,NTNB,,
2017-07-03 00:00:00,ITSA4,,
2017-07-03 00:00:00,,,
2017-07-06 00:00:00,,,
2017-07-06 00:00:00,NTNB,,
2017-07-06 00:00:00,HGTX3,70.0,19.5
2017-07-13 00:00:00,CSNA3,-300.0,7.8
2017-07-14 00:00:00,BCFF11,35.0,67.96
2017-07-20 00:00:00,,,
2017-07-24 00:00:00,BCFF11,28.0,69.71
2017-08-01 00:00:00,,,
2017-08-02 00:00:00,BCFF11,30.0,69.79
2017-08-09 00:00:00,,,
2017-08-11 00:00:00,BCFF11,27.0,69.5
2017-08-14 00:00:00,BCFF11,,
2017-08-14 00:00:00,NTNB,,
2017-08-17 00:00:00,HGTX3,,
2017-08-17 00:00:00,,,
2017-08-18 00:00:00,BCFF11,30.0,69.75
2017-08-25 00:00:00,ITSA4,,
2017-08-31 00:00:00,TAEE11,,
2017-08-31 00:00:00,BBAS3,,
2017-09-15 00:00:00,BCFF11,,
2017-09-25 00:00:00,,,
2017-09-25 00:00:00,BCFF11,30.0,70.15
2017-09-28 00:00:00,,,
2017-09-28 00:00:00,BCFF11,25.0,70.11
2017-09-29 00:00:00,,,
2017-09-28 00:00:00,KLBN4,700.0,3.33
2017-10-09 00:00:00,,,
2017-10-09 00:00:00,BCFF11,20.0,73.9
2017-10-10 00:00:00,,,
2017-10-16 00:00:00,BCFF11,,
2017-10-16 00:00:00,TAEE11,35.0,21.97
2017-10-20 00:00:00,,,
2017-10-20 00:00:00,CMIG3,200.0,8.1
2017-10-25 00:00:00,HGTX3,,
2017-10-31 00:00:00,,,
2017-10-31 00:00:00,BCFF11,30.0,75.82
2017-11-09 00:00:00,,,
2017-11-09 00:00:00,VISC11,10.0,102.52
2017-11-10 00:00:00,BCFF11,15.0,76.5
2017-11-14 00:00:00,KLBN4,,
2017-11-16 00:00:00,BCFF11,,
2017-11-20 00:00:00,,,
2017-11-23 00:00:00,ABCB4,100.0,16.57
2017-11-27 00:00:00,,,
2017-11-27 00:00:00,BCFF11,30.0,78.03
2017-11-27 00:00:00,VISC11,10.0,101.1
2017-11-29 00:00:00,CMIG3,300.0,6.57
2017-11-29 00:00:00,TAEE11,,
2017-11-29 00:00:00,,,
2017-11-30 00:00:00,BBAS3,,
2017-12-04 00:00:00,,,
2017-12-04 00:00:00,VISC11,10.0,99.3
2017-12-06 00:00:00,BCFF11,15.0,78.95
2017-12-06 00:00:00,,,
2017-12-06 00:00:00,ABCB4,100.0,15.91
2017-12-06 00:00:00,NTNB,,
2017-12-11 00:00:00,,,
2017-12-11 00:00:00,ABCB4,100.0,15.76
2017-12-11 00:00:00,BCFF11,15.0,77.71
2017-12-13 00:00:00,HGTX3,,
2017-12-14 00:00:00,BCFF11,,
2017-12-14 00:00:00,VISC11,,
2017-12-17 00:00:00,TAEE11,40.0,20.91
2017-12-26 00:00:00,,,
2017-12-26 00:00:00,VISC11,10.0,101.98
2017-12-28 00:00:00,BBAS3,,
2017-12-28 00:00:00,CMIG3,,
2017-12-28 00:00:00,TAEE11,,
2018-01-02 00:00:00,ITSA4,,
2018-01-02 00:00:00,NTNB,,
2018-01-02 00:00:00,,,
2018-01-04 00:00:00,BCFF11,30.0,79.05
2017-12-26 00:00:00,,,
2018-01-15 00:00:00,VISC11,,
2018-01-15 00:00:00,BCFF11,,
2018-01-23 00:00:00,TAEE11,100.0,20.32
2018-01-29 00:00:00,BCFF11,15.0,80.8
2018-02-01 00:00:00,,,
2018-02-06 00:00:00,KLBN4,300.0,3.18
2018-02-07 00:00:00,,,
2018-02-07 00:00:00,VISC11,10.0,109.89
2018-02-09 00:00:00,ABCB4,10.0,12.46
2018-02-09 00:00:00,ABCB4,,
2018-02-16 00:00:00,NTNB,,
2018-02-16 00:00:00,BCFF11,,
2018-02-16 00:00:00,VISC11,,
2018-02-16 00:00:00,BCFF11,15.0,84.94
2018-02-19 00:00:00,KLBN4,,
2018-02-22 00:00:00,BCFF11,15.0,84.99
2018-02-26 00:00:00,,,
2018-02-26 00:00:00,BCFF11,20.0,84.99
2018-02-27 00:00:00,BCFF11,25.0,84.36
2018-02-28 00:00:00,NTNB,,
2018-03-02 00:00:00,,,
2018-03-02 00:00:00,RBGS11,20.0,49.1
2018-03-05 00:00:00,ABCB4,100.0,18.87
2018-03-07 00:00:00,ITSA4,,
2018-03-07 00:00:00,ITSA4,,
2018-03-07 00:00:00,RBGS11,25.0,49.87
2018-03-09 00:00:00,,,
2018-03-09 00:00:00,BCFF11,30.0,83.05
2018-03-12 00:00:00,BBAS3,,
2018-03-13 00:00:00,EDGA11,26.0,46.69
2018-03-14 00:00:00,VISC11,,
2018-03-14 00:00:00,BCFF11,,
2018-03-14 00:00:00,,,
2018-03-13 00:00:00,SDIL11,10.0,102.03
2018-03-20 00:00:00,,,
2018-03-20 00:00:00,ECOR3,200.0,8.35
2018-03-23 00:00:00,BCFF11,1.0,85.15
2018-03-27 00:00:00,SDIL11,10.0,101.4
2018-03-29 00:00:00,BBAS3,,
2018-03-29 00:00:00,EDGA11,,
2018-04-02 00:00:00,ITSA4,,
2018-04-03 00:00:00,,,
2018-04-05 00:00:00,ITSA4,,
2018-04-05 00:00:00,ITSA4,45.0,7.8
2018-04-05 00:00:00,,,
2018-04-05 00:00:00,BCFF11,19.0,88.0
2018-04-13 00:00:00,BCFF11,,
2018-04-13 00:00:00,RBGS11,,
2018-04-13 00:00:00,SDIL11,,
2018-04-13 00:00:00,VISC11,,
2018-04-30 00:00:00,EDGA11,,
2018-04-30 00:00:00,,,
2018-04-30 00:00:00,EDGA11,20.0,44.78
2018-05-04 00:00:00,VISC11,10.0,107.41
2018-05-07 00:00:00,FIGS11,20.0,78.03
2018-05-08 00:00:00,FIGS11,25.0,77.02
2018-05-11 00:00:00,TAEE11,,
2018-05-14 00:00:00,KLBN4,,
2018-05-15 00:00:00,ECOR3,,
2018-05-15 00:00:00,HGTX3,,
2018-05-15 00:00:00,BCFF11,,
2018-05-15 00:00:00,RBGS11,,
2018-05-15 00:00:00,SDIL11,,
2018-05-15 00:00:00,VISC11,,
2018-05-17 00:00:00,,,
2018-05-17 00:00:00,NTNB,,
2018-05-17 00:00:00,TAEE11,50.0,18.9
2018-05-18 00:00:00,SDIL11,10.0,93.7
2018-05-21 00:00:00,NTNB,,
2018-05-23 00:00:00,TAEE11,,
2018-05-24 00:00:00,,,
2018-05-24 00:00:00,SDIL11,10.0,88.22
2018-05-25 00:00:00,ECOR3,100.0,8.01
2018-05-25 00:00:00,NTNB,,
2018-05-29 00:00:00,PETR4,,
2018-05-30 00:00:00,BBAS3,,
2018-05-30 00:00:00,EDGA11,,
2018-06-01 00:00:00,,,
2018-06-01 00:00:00,ITSA4,100.0,10.15
2018-06-05 00:00:00,,,
2018-06-05 00:00:00,HGTX3,100.0,17.82
2018-06-05 00:00:00,ITSA4,206.0,
2018-06-07 00:00:00,,,
2018-06-07 00:00:00,SPTW11,10.0,70.6
2018-06-12 00:00:00,FIGS11,9.0,67.88
2018-06-14 00:00:00,BCFF11,,
2018-06-14 00:00:00,FIGS11,,
2018-06-14 00:00:00,VISC11,,
2018-06-14 00:00:00,RBGS11,,
2018-06-14 00:00:00,SDIL11,,
2018-06-18 00:00:00,FIGS11,6.0,65.6
2018-06-21 00:00:00,,,
2018-06-21 00:00:00,SDIL11,11.0,81.5
2018-06-27 00:00:00,HGTX3,,
2018-06-27 00:00:00,,,
2018-06-27 00:00:00,SPTW11,10.0,72.0
2018-06-28 00:00:00,VISC11,10.0,99.82
2018-06-29 00:00:00,BBAS3,,
2018-06-29 00:00:00,EDGA11,,
2018-07-02 00:00:00,ITSA4,,
2018-07-02 00:00:00,NTNB,,
2018-07-03 00:00:00,,,
2018-07-03 00:00:00,NTNB,,
2018-07-03 00:00:00,HGTX3,30.0,14.39
2018-07-05 00:00:00,,,
2018-07-05 00:00:00,SDIL11,10.0,88.78
2018-07-05 00:00:00,SAPR4,100.0,8.92
2018-07-06 00:00:00,SPTW11,,
2018-07-11 00:00:00,,,
2018-07-11 00:00:00,FIGS11,10.0,68.5
2018-07-11 00:00:00,XPLG11,5.0,96.0
2018-07-13 00:00:00,RBGS11,,
2018-07-16 00:00:00,VISC11,,
2018-07-16 00:00:00,SDIL11,,
2018-07-16 00:00:00,FIGS11,,
2018-07-16 00:00:00,BCFF11,,
2018-07-18 00:00:00,,,
2018-07-18 00:00:00,XPLG11,5.0,95.5
2018-07-18 00:00:00,SPTW11,10.0,73.6
2018-07-18 00:00:00,NTNB,,
2018-07-20 00:00:00,,,
2018-07-20 00:00:00,RBRR11,5.0,95.7
2018-07-24 00:00:00,MXRF11,50.0,10.03
2018-07-31 00:00:00,EDGA11,,
2018-07-31 00:00:00,,,
2018-07-31 00:00:00,BPFF11,8.0,91.65
2018-08-06 00:00:00,,,
2018-08-07 00:00:00,,,
2018-08-07 00:00:00,SPTW11,,
2018-08-07 00:00:00,BPFF11,,
2018-08-07 00:00:00,BPFF11,7.0,90.1
2018-08-07 00:00:00,MXRF11,50.0,10.1
2018-08-07 00:00:00,NTNB,,
2018-08-08 00:00:00,FIGS11,10.0,66.5
2018-08-09 00:00:00,EDGA11,10.0,38.1
2018-08-09 00:00:00,SPTW11,10.0,72.4
"10/08,2018",ABCB4,,
2018-08-10 00:00:00,ABCB4,15.0,12.136666666666667
2018-08-14 00:00:00,XPLG11,,
2018-08-14 00:00:00,VISC11,,
2018-08-14 00:00:00,SDIL11,,
2018-08-14 00:00:00,RBGS11,,
2018-08-14 00:00:00,MXRF11,,
2018-08-14 00:00:00,FIGS11,,
2018-08-14 00:00:00,BCFF11,,
2018-08-15 00:00:00,KLBN4,,
2018-08-15 00:00:00,NTNB,,
2018-08-15 00:00:00,BMEB4,100.0,5.52
2018-08-16 00:00:00,RBRR11,,
2018-08-16 00:00:00,EDGA11,10.0,38.55
2018-08-17 00:00:00,,,
2018-08-20 00:00:00,TAEE11,,
2018-08-20 00:00:00,TAEE11,,
2018-08-20 00:00:00,ABCB4,60.0,14.93
2018-08-20 00:00:00,MXRF11,30.0,10.11
2018-08-22 00:00:00,NTNB,,
2018-08-23 00:00:00,PETR4,,
2018-08-28 00:00:00,ITSA4,,
2018-08-30 00:00:00,ITSA4,,
2018-08-30 00:00:00,NTNB,,
2018-08-31 00:00:00,,,
2018-08-31 00:00:00,BCFF11,10.0,77.9
2018-08-31 00:00:00,NTNF,,
2018-09-03 00:00:00,XPLG11,8.0,89.3
2018-09-05 00:00:00,,,
2018-09-05 00:00:00,NTNF,,
2018-09-05 00:00:00,VISC11,10.0,97.97
2018-09-06 00:00:00,,,
2018-09-06 00:00:00,BCFF11,10.0,78.15
2018-09-06 00:00:00,RBRR11,5.0,97.5
2018-09-10 00:00:00,NTNF,,
2018-09-11 00:00:00,ABCB4,50.0,14.43
2018-09-11 00:00:00,,,
2018-09-13 00:00:00,SDIL11,9.0,90.0
2018-09-13 00:00:00,MXRF11,25.0,10.0
2018-09-17 00:00:00,XPLG11,,
2018-09-17 00:00:00,SDIL11,,
2018-09-17 00:00:00,RBGS11,,
2018-09-17 00:00:00,MXRF11,,
2018-09-17 00:00:00,FIGS11,,
2018-09-17 00:00:00,BCFF11,,
2018-09-17 00:00:00,VISC11,,
2018-09-17 00:00:00,NTNF,,
2018-09-18 00:00:00,,,
2018-09-18 00:00:00,XPLG11,5.0,87.9
2018-09-21 00:00:00,,,
2018-09-22 00:00:00,ABCB4,50.0,14.35
2018-09-22 00:00:00,FIGS11,10.0,67.68
2018-09-24 00:00:00,ITSA4,50.0,9.7
2018-09-24 00:00:00,,,
2018-09-24 00:00:00,TIET11,100.0,9.66
2018-09-24 00:00:00,EDGA11,10.0,37.05
2018-09-24 00:00:00,MXRF11,45.0,9.82
2018-09-26 00:00:00,NTNF,,
2018-10-01 00:00:00,ITSA4,,
2018-10-03 00:00:00,,,
2018-10-03 00:00:00,SPTW11,10.0,71.15
2018-10-04 00:00:00,XPLG11,7.0,86.97
2018-10-05 00:00:00,,,
2018-10-05 00:00:00,BPFF11,,
2018-10-05 00:00:00,SPTW11,,
2018-10-05 00:00:00,ECOR3,100.0,7.81
2018-10-05 00:00:00,VISC11,10.0,96.91
2018-10-05 00:00:00,NTNF,,
2018-10-15 00:00:00,BCFF11,,
2018-10-15 00:00:00,VISC11,,
2018-10-15 00:00:00,SDIL11,,
2018-10-15 00:00:00,RBGS11,,
2018-10-15 00:00:00,FIGS11,,
2018-10-15 00:00:00,XPLG11,,
2018-10-15 00:00:00,MXRF11,,
2018-10-15 00:00:00,,,
2018-10-16 00:00:00,BPFF11,2.0,87.29
2018-10-16 00:00:00,MXRF11,50.0,9.86
2018-10-17 00:00:00,GGRC11,5.0,122.68
2018-10-17 00:00:00,RBRR11,,
2018-10-19 00:00:00,,,
2018-10-19 00:00:00,ABCB4,50.0,15.07
2018-10-19 00:00:00,FIGS11,5.0,67.11
2018-10-26 00:00:00,,,
2018-10-26 00:00:00,MXRF11,1.0,9.87
2018-10-30 00:00:00,GGRC11,5.0,123.25
2018-10-31 00:00:00,,,
2018-10-31 00:00:00,ABCB4,50.0,15.98
2018-11-01 00:00:00,GGRC11,9.0,123.34
2018-11-07 00:00:00,,,
2018-11-08 00:00:00,BPFF11,,
2018-11-08 00:00:00,SPTW11,,
2018-11-08 00:00:00,BMEB4,100.0,5.86
2018-11-08 00:00:00,NTNF,,
2018-11-08 00:00:00,,,
2018-11-09 00:00:00,RBRR11,5.0,100.72
2018-11-09 00:00:00,GGRC11,,
2018-11-12 00:00:00,NTNF,,
2018-11-13 00:00:00,,,
2018-11-14 00:00:00,KLBN4,,
2018-11-16 00:00:00,XPLG11,,
2018-11-16 00:00:00,VISC11,,
2018-11-16 00:00:00,SDIL11,,
2018-11-16 00:00:00,RGBS11,,
2018-11-16 00:00:00,MXRF11,,
2018-11-16 00:00:00,FIGS11,,
2018-11-16 00:00:00,BCFF11,,
2018-11-16 00:00:00,ECOR3,,
2018-11-16 00:00:00,SAPR4,100.0,10.42
2018-11-16 00:00:00,VISC11,5.0,103.9
2018-11-21 00:00:00,,,
2018-11-21 00:00:00,ABCB4,100.0,15.97
2018-11-21 00:00:00,RBRR11,,
2018-11-22 00:00:00,TIET11,,
2018-11-22 00:00:00,TAEE11,,
2018-11-22 00:00:00,SPTW11,7.0,73.69
2018-11-26 00:00:00,,,
2018-11-27 00:00:00,SPTW11,8.0,74.7
2018-11-27 00:00:00,BPFF11,6.0,89.99
2018-11-28 00:00:00,,,
2018-11-28 00:00:00,RBRR11,5.0,100.95
2018-11-29 00:00:00,,,
2018-11-29 00:00:00,PMAM3,500.0,1.49
2018-11-29 00:00:00,XPLG11,10.0,95.3
2018-11-30 00:00:00,BBAS3,,
2018-12-03 00:00:00,PETR4,,
2018-12-04 00:00:00,SDIL11,10.0,91.17
2018-12-04 00:00:00,,,
2018-12-05 00:00:00,,,
2018-12-05 00:00:00,,,
2018-12-06 00:00:00,,,
2018-12-06 00:00:00,NTNF,,
2018-12-07 00:00:00,BPFF11,,
2018-12-07 00:00:00,SPTW11,,
2018-12-07 00:00:00,SPTW11,10.0,73.38
2018-12-10 00:00:00,,,
2018-12-10 00:00:00,GGRC11,,
2018-12-10 00:00:00,NTNF,,
2018-12-10 00:00:00,XPLG11,5.0,96.35
2018-12-11 00:00:00,MXRF11,49.0,10.08
2018-12-11 00:00:00,WIZS3,100.0,6.94
2018-12-12 00:00:00,SAPR4,100.0,10.62
2018-12-12 00:00:00,SAPR4,-100.0,10.61
2018-12-14 00:00:00,RBGS11,,
2018-12-14 00:00:00,XPLG11,,
2018-12-14 00:00:00,SDIL11,,
2018-12-14 00:00:00,VISC11,,
2018-12-14 00:00:00,FIGS11,,
2018-12-14 00:00:00,BCFF11,,
2018-12-14 00:00:00,WIZS3,100.0,7.1
2018-12-17 00:00:00,MXRF11,,
2018-12-18 00:00:00,RBRR11,,
2018-12-19 00:00:00,,,
2018-12-19 00:00:00,XPLG11,10.0,96.8
2018-12-20 00:00:00,,,
2018-12-20 00:00:00,EDGA11,10.0,44.15
2018-12-20 00:00:00,FIGS11,10.0,69.7
2018-12-28 00:00:00,TAEE11,,
2018-12-28 00:00:00,EDGA11,,
2018-12-28 00:00:00,CMIG3,,
2018-12-28 00:00:00,BBAS3,,
2019-01-02 00:00:00,ITSA4,,
2019-01-02 00:00:00,,,
2019-01-02 00:00:00,NTNF,,
2019-01-02 00:00:00,EDGA11,10.0,43.5
2019-01-03 00:00:00,BPFF11,5.0,90.75
2019-01-07 00:00:00,,,
2019-01-08 00:00:00,BPFF11,,
2019-01-08 00:00:00,SPTW11,,
2019-01-09 00:00:00,GGRC11,,
2019-01-09 00:00:00,BMEB4,100.0,7.3
2019-01-09 00:00:00,PMAM3,500.0,1.38
2019-01-09 00:00:00,BCFF11,10.0,86.97
2019-01-14 00:00:00,CMIG3,-1000.0,16.2
2019-01-14 00:00:00,FIGS11,9.0,64.0
2019-01-15 00:00:00,XPLG11,,
2019-01-15 00:00:00,VISC11,,
2019-01-15 00:00:00,SDIL13,,
2019-01-15 00:00:00,SDIL11,,
2019-01-15 00:00:00,RBGS11,,
2019-01-15 00:00:00,MXRF11,,
2019-01-15 00:00:00,FIGS11,,
2019-01-15 00:00:00,BCFF11,,
2019-01-15 00:00:00,HGTX3,,
2019-01-15 00:00:00,FIGS11,6.0,61.4
2019-01-15 00:00:00,BPFF11,3.0,92.05
2019-01-16 00:00:00,,,
2019-01-17 00:00:00,RBRR11,,
2019-01-17 00:00:00,XPLG11,5.0,101.96
2019-01-17 00:00:00,VISC11,10.0,108.44
2019-01-18 00:00:00,RGBS11,10.0,43.65
2019-01-21 00:00:00,NTN-B,,
2019-01-21 00:00:00,NTN-F,,
2019-01-21 00:00:00,VISC11,5.0,108.12
2019-01-22 00:00:00,HGRU11,10.0,106.1
2019-01-24 00:00:00,XPLG11,10.0,101.75
2019-01-24 00:00:00,ALASKA,,
2019-01-28 00:00:00,HGRU11,10.0,106.5
2019-01-29 00:00:00,XPML11,10.0,106.99
2019-01-29 00:00:00,RBRR11,10.0,105.05
2019-01-30 00:00:00,FIGS11,10.0,59.65
2019-01-31 00:00:00,TIET11,100.0,11.78
2019-01-31 00:00:00,SPTW11,10.0,79.7
2019-01-31 00:00:00,EDGA11,,
2019-02-04 00:00:00,MXRF11,50.0,10.95
2019-02-05 00:00:00,XPML11,10.0,105.72
2019-02-07 00:00:00,MXRF11,50.0,10.69
2019-02-07 00:00:00,BPFF11,5.0,96.51
2019-02-07 00:00:00,SPTW11,,
2019-02-07 00:00:00,BPFF11,,
2019-02-08 00:00:00,MXRF11,50.0,10.57
2019-02-08 00:00:00,NTN-F,,
2019-02-08 00:00:00,GGRC11,,
2019-02-08 00:00:00,,,
2019-02-11 00:00:00,,,
2019-02-12 00:00:00,ABCB4,,
2019-02-12 00:00:00,ABCB4,26.0,13.23
2019-02-12 00:00:00,,,
2019-02-12 00:00:00,HTMX11,5.0,149.3
2019-02-13 00:00:00,HTMX11,2.0,149.45
2019-02-14 00:00:00,VISC11,,
2019-02-14 00:00:00,FIGS11,,
2019-02-14 00:00:00,HGRU11,,
2019-02-14 00:00:00,MXRF11,,
2019-02-14 00:00:00,BCFF11,,
2019-02-14 00:00:00,RBGS11,,
2019-02-14 00:00:00,XPLG11,,
2019-02-14 00:00:00,SDIL11,,
2019-02-14 00:00:00,HGTX3,,
2019-02-14 00:00:00,HTMX11,3.0,149.85
2019-02-14 00:00:00,BPFF11,5.0,94.4
2019-02-14 00:00:00,XPLG11,5.0,100.49
2019-02-15 00:00:00,NTN-B,,
2019-02-18 00:00:00,RBRR11,,
2019-02-19 00:00:00,XPLG11,5.0,100.87
2019-02-20 00:00:00,,,
2019-02-20 00:00:00,GGRC11,10.0,116.7
2019-02-21 00:00:00,XPML11,,
2019-02-21 00:00:00,BMEB4,100.0,7.55
2019-02-21 00:00:00,HGRU11,10.0,107.42
2019-02-22 00:00:00,KLBN4,,
2019-02-22 00:00:00,KLBN4,,
2019-02-22 00:00:00,XPML11,7.0,102.21000000000001
2019-02-25 00:00:00,,,
2019-02-25 00:00:00,KLBN4,,
2019-02-26 00:00:00,,,
2019-02-26 00:00:00,BCFF11,10.0,82.4
2019-02-26 00:00:00,BPFF11,10.0,94.0
2019-02-28 00:00:00,EDGA11,,
2019-02-28 00:00:00,,,
2019-02-28 00:00:00,VISC11,10.0,106.22
2019-03-07 00:00:00,BBAS3,,
2019-03-07 00:00:00,ITSA4,,
2019-03-07 00:00:00,BPFF11,10.0,93.2
2019-03-08 00:00:00,,,
2019-03-08 00:00:00,VISC11,10.0,107.3
2019-03-08 00:00:00,RBGS11,10.0,44.25
2019-03-11 00:00:00,SPTW11,,
2019-03-11 00:00:00,HTMX11,,
2019-03-11 00:00:00,BPFF11,,
2019-03-11 00:00:00,GGRC11,5.0,128.24
2019-03-11 00:00:00,MXRF11,50.0,11.29
2019-03-12 00:00:00,,,
2019-03-12 00:00:00,XPLG11,10.0,103.4
2019-03-12 00:00:00,GGRC11,,
2019-03-13 00:00:00,TIET11,100.0,11.28
2019-03-15 00:00:00,MXRF11,,
2019-03-18 00:00:00,XPLG11,,
2019-03-18 00:00:00,VISC11,,
2019-03-18 00:00:00,SDIL11,,
2019-03-18 00:00:00,RBGS11,,
2019-03-18 00:00:00,HGRU11,,
2019-03-18 00:00:00,FIGS11,,
2019-03-18 00:00:00,BCFF11,,
2019-03-18 00:00:00,,,
2019-03-19 00:00:00,XPML11,10.0,107.99
2019-03-20 00:00:00,RBRR11,,
2019-03-20 00:00:00,,,
2019-03-21 00:00:00,KLBN4,300.0,3.05
2019-03-21 00:00:00,XPML11,10.0,108.8
2019-03-25 00:00:00,XPML11,,
2019-03-25 00:00:00,BPFF11,10.0,91.47
2019-03-26 00:00:00,BMEB4,,
2019-03-29 00:00:00,,,
2019-03-29 00:00:00,XPLG11,10.0,101.97
2019-03-29 00:00:00,BBAS3,,
2019-03-29 00:00:00,EDGA11,,
2019-04-01 00:00:00,XPML11,5.0,107.4
2019-04-01 00:00:00,ITSA4,,
2019-04-02 00:00:00,,,
2019-04-02 00:00:00,PMAM3,700.0,1.45
2019-04-02 00:00:00,BCFF11,8.0,84.03
2019-04-05 00:00:00,,,
2019-04-05 00:00:00,BPFF11,,
2019-04-05 00:00:00,HTMX11,,
2019-04-05 00:00:00,SPTW11,,
2019-04-05 00:00:00,BCFF11,10.0,83.88
2019-04-05 00:00:00,GGRC11,6.0,128.4
2019-04-08 00:00:00,GGRC11,,
2019-04-08 00:00:00,,,
2019-04-08 00:00:00,MXRF11,100.0,11.06
2019-04-09 00:00:00,RBRR11,10.0,101.0
2019-04-10 00:00:00,,,
2019-04-12 00:00:00,BCFF11,,
2019-04-12 00:00:00,FIGS11,,
2019-04-12 00:00:00,HGRU11,,
2019-04-12 00:00:00,RBGS11,,
2019-04-12 00:00:00,SDIL11,,
2019-04-12 00:00:00,VISC11,,
2019-04-12 00:00:00,XPLG11,,
2019-04-12 00:00:00,MXRF11,45.0,10.9
2019-04-12 00:00:00,VISC11,5.0,108.06
2019-04-15 00:00:00,MXRF11,,
2019-04-16 00:00:00,RBRR11,,
2019-04-24 00:00:00,HGTX3,,
2019-04-25 00:00:00,XPML11,,
2019-04-25 00:00:00,,,
2019-04-25 00:00:00,BPFF11,9.0,91.85
2019-04-29 00:00:00,,,
2019-04-29 00:00:00,BPFF11,10.0,92.75
2019-04-30 00:00:00,NTN-F,,
2019-04-30 00:00:00,EDGA11,,
2019-05-02 00:00:00,,,
2019-05-02 00:00:00,VISC11,5.0,102.87
2019-05-06 00:00:00,,,
2019-05-08 00:00:00,,,
2019-05-08 00:00:00,BCFF11,2.0,85.4
2019-05-08 00:00:00,BPFF11,,
2019-05-08 00:00:00,HTMX11,,
2019-05-08 00:00:00,SPTW11,,
2019-05-09 00:00:00,GGRC11,,
2019-05-09 00:00:00,BPFF11,10.0,91.94
2019-05-13 00:00:00,XPML11,10.0,106.59
2019-05-13 00:00:00,,,
2019-05-14 00:00:00,TAEE11,,
2019-05-15 00:00:00,SDIL12,15.0,96.13
2019-05-15 00:00:00,BCFF11,,
2019-05-15 00:00:00,FIGS11,,
2019-05-15 00:00:00,HGRU11,,
2019-05-15 00:00:00,MXRF11,,
2019-05-15 00:00:00,SDIL11,,
2019-05-15 00:00:00,VISC11,,
2019-05-15 00:00:00,XPLG11,,
2019-05-16 00:00:00,RGBS11,,
2019-05-16 00:00:00,BPFF11,5.0,91.4
2019-05-16 00:00:00,XPLG11,8.0,100.95
2019-05-17 00:00:00,RBRR11,,
2019-05-17 00:00:00,RBRR13,,
2019-05-17 00:00:00,KLBN4,,
2019-05-20 00:00:00,,,
2019-05-20 00:00:00,BPFF11,10.0,91.89
2019-05-20 00:00:00,PETR4,,
2019-05-20 00:00:00,PETR4,,
2019-05-22 00:00:00,WIZS3,,
2019-05-22 00:00:00,VGIR11,9.0,102.75
2019-05-24 00:00:00,XPML11,,
2019-05-28 00:00:00,TAEE11,,
2019-05-28 00:00:00,TAEE11,,
2019-05-31 00:00:00,BBAS3,,
2019-05-31 00:00:00,EDGA11,,
2019-05-31 00:00:00,,,
2019-05-31 00:00:00,BPFF11,10.0,92.9
2019-05-31 00:00:00,VGIR11,7.0,103.84
2019-05-31 00:00:00,,,
2019-06-06 00:00:00,,,
2019-06-06 00:00:00,XPLG11,7.0,101.3
2019-06-07 00:00:00,BPFF11,,
2019-06-07 00:00:00,HTMX11,,
2019-06-07 00:00:00,BCFF11,10.0,86.7
2019-06-10 00:00:00,GGRC11,,
2019-06-10 00:00:00,SPTW11,,
2019-06-10 00:00:00,,,
2019-06-10 00:00:00,XPLG11,5.0,101.35
2019-06-12 00:00:00,BPFF11,7.0,93.0
2019-06-14 00:00:00,RBGS11,,
2019-06-14 00:00:00,HGRU11,,
2019-06-14 00:00:00,FIGS11,,
2019-06-14 00:00:00,MXRF11,,
2019-06-14 00:00:00,SDIL11,,
2019-06-14 00:00:00,VISC11,,
2019-06-14 00:00:00,XPLG11,,
2019-06-14 00:00:00,BCFF11,,
2019-06-14 00:00:00,XPLG11,5.0,101.38
2019-06-18 00:00:00,RBRR11,,
2019-06-19 00:00:00,,,
2019-06-19 00:00:00,VGIR11,,
2019-06-21 00:00:00,SAPR4,,
2019-06-21 00:00:00,SAPR4,,
2019-06-21 00:00:00,BPFF11,5.0,93.89
2019-06-21 00:00:00,VGIR11,5.0,102.96
2019-06-25 00:00:00,XPML11,,
2019-06-26 00:00:00,,,
2019-06-26 00:00:00,MXRF11,50.0,11.55
2019-06-27 00:00:00,MXRF11,55.0,11.37
2019-06-28 00:00:00,BBAS3,,
2019-06-28 00:00:00,CMIG3,,
2019-06-28 00:00:00,EDGA11,,
2019-06-28 00:00:00,,,
2019-06-28 00:00:00,VGIR11,9.0,103.45
2019-07-01 00:00:00,ITSA4,,
2019-07-01 00:00:00,NTNF,,
2019-07-02 00:00:00,UBSR11,6.0,109.49
2019-07-03 00:00:00,,,
2019-07-03 00:00:00,FIGS11,10.0,64.24
2019-07-03 00:00:00,BPFF11,10.0,94.4
2019-07-05 00:00:00,HGTX3,,
2019-07-05 00:00:00,PETR4,,
2019-07-05 00:00:00,BPFF11,,
2019-07-05 00:00:00,HTMX11,,
2019-07-05 00:00:00,UBSR11,6.0,109.3
2019-07-08 00:00:00,GGRC11,,
2019-07-08 00:00:00,SPTW11,,
2019-07-10 00:00:00,,,
2019-07-10 00:00:00,FIGS11,10.0,63.49
2019-07-12 00:00:00,XPLG11,,
2019-07-12 00:00:00,HGRU11,,
2019-07-15 00:00:00,VISC11,,
2019-07-15 00:00:00,SDIL11,,
2019-07-15 00:00:00,RBGS11,,
2019-07-15 00:00:00,MXRF11,,
2019-07-15 00:00:00,FIGS11,,
2019-07-15 00:00:00,BCFF11,,
2019-07-15 00:00:00,BPFF11,8.0,97.7
2019-07-15 00:00:00,,,
2019-07-17 00:00:00,ABCB4,,
2019-07-17 00:00:00,RBRR11,,
2019-07-17 00:00:00,UBSR11,6.0,108.0
2019-07-18 00:00:00,VGIR11,,
2019-07-19 00:00:00,,,
2019-07-19 00:00:00,SDIL11,5.0,109.9
2019-07-19 00:00:00,XPLG11,5.0,103.0
2019-07-22 00:00:00,VISC11,5.0,108.5
2019-07-22 00:00:00,UBSR11,,
2019-07-24 00:00:00,TIET11,,
2019-07-24 00:00:00,SDIL11,5.0,105.01
2019-07-25 00:00:00,XPML11,,
2019-07-31 00:00:00,EDGA11,,
2019-08-01 00:00:00,,,
2019-08-01 00:00:00,MXRF11,50.0,11.72
2019-08-02 00:00:00,XPLG11,5.0,106.0
2019-08-05 00:00:00,,,
2019-08-05 00:00:00,VGIR11,5.0,104.5
2019-08-07 00:00:00,BPFF11,,
2019-08-07 00:00:00,HTMX11,,
2019-08-07 00:00:00,KLBN4,200.0,2.9
2019-08-14 00:00:00,RBGS11,,
2019-08-14 00:00:00,HGRU11,,
2019-08-14 00:00:00,FIGS11,,
2019-08-14 00:00:00,SDIL11,,
2019-08-14 00:00:00,VISC11,,
2019-08-14 00:00:00,XPLG11,,
2019-08-14 00:00:00,BCFF11,,
2019-08-14 00:00:00,MXRF11,50.0,11.0
2019-08-15 00:00:00,MXRF11,,
2019-08-15 00:00:00,NTN-B,,
2019-08-15 00:00:00,KLBN4,200.0,2.84
2019-08-16 00:00:00,RBRR11,,
2019-08-19 00:00:00,VGIR11,,
2019-08-19 00:00:00,TAEE11,,
2019-08-19 00:00:00,KLBN4,,
2019-08-21 00:00:00,UBSR11,,
2019-08-21 00:00:00,XPML11,,
2019-08-21 00:00:00,MXRF11,70.0,10.79
2019-08-23 00:00:00,ITSA4,,
2019-08-27 00:00:00,VGIR12,20.0,101.0
2019-08-29 00:00:00,,,
2019-08-30 00:00:00,BBAS3,,
2019-08-30 00:00:00,EDGA11,,
2019-08-30 00:00:00,,,
2019-09-02 00:00:00,,,
2019-09-04 00:00:00,MXRF11,50.0,10.87
2019-09-05 00:00:00,HGTX3,,
2019-09-05 00:00:00,,,
2019-09-06 00:00:00,XPLG11,8.0,103.35
2019-09-06 00:00:00,BPFF11,,
2019-09-06 00:00:00,HTMX11,,
2019-09-09 00:00:00,SPTW11,,
2019-09-09 00:00:00,GGRC11,,
2019-09-09 00:00:00,TIET11,100.0,11.86
2019-09-10 00:00:00,,,
2019-09-10 00:00:00,UBSR11,7.0,109.2
2019-09-12 00:00:00,MXRF11,,
2019-09-12 00:00:00,MXRF11,80.0,10.89
2019-09-13 00:00:00,UBSR11,,
2019-09-13 00:00:00,FIGS11,,
2019-09-13 00:00:00,HGRU11,,
2019-09-13 00:00:00,RBGS11,,
2019-09-13 00:00:00,SDIL11,,
2019-09-13 00:00:00,VISC11,,
2019-09-13 00:00:00,XPLG11,,
2019-09-13 00:00:00,BCFF11,,
2019-09-13 00:00:00,VGIR11,10.0,102.68
2019-09-16 00:00:00,RBGS11,10.0,47.5
2019-09-16 00:00:00,UBSR11,4.0,109.14
2019-09-17 00:00:00,RBRR11,,
2019-09-18 00:00:00,VGIR11,,
2019-09-18 00:00:00,VGIR13,,
2019-09-20 00:00:00,,,
2019-09-20 00:00:00,SPTW11,5.0,88.09
2019-09-24 00:00:00,,,
2019-09-24 00:00:00,XPLG13,10.0,101.0
2019-09-25 00:00:00,XPML11,,
2019-09-30 00:00:00,BBAS3,,
2019-09-30 00:00:00,EDGA11,,
2019-10-01 00:00:00,ITSA4,,
2019-10-01 00:00:00,,,
2019-10-01 00:00:00,BCFF12,-150.0,4.0
2019-10-02 00:00:00,BCFF12,-38.0,5.01
2019-10-03 00:00:00,ABCB4,40.0,16.98
2019-10-03 00:00:00,KLBN4,100.0,2.85
2019-10-04 00:00:00,PETR4,,
2019-10-07 00:00:00,BPFF11,,
2019-10-07 00:00:00,HTMX11,,
2019-10-08 00:00:00,,,
2019-10-08 00:00:00,HGTX3,-500.0,34.25
2019-10-08 00:00:00,SPTW11,10.0,88.25
2019-10-08 00:00:00,GGRC11,,
2019-10-08 00:00:00,SPTW11,,
2019-10-09 00:00:00,XPML13,-6.0,2.68
2019-10-10 00:00:00,BCFF11,20.0,85.0
2019-10-10 00:00:00,FIGS11,10.0,65.02
2019-10-10 00:00:00,VGIR11,10.0,102.85
2019-10-10 00:00:00,RBFF11,10.0,76.95
2019-10-11 00:00:00,RBFF11,10.0,77.31
2019-10-14 00:00:00,XPLG14,,
2019-10-14 00:00:00,XPLG11,,
2019-10-14 00:00:00,VISC11,,
2019-10-14 00:00:00,UBSR11,,
2019-10-14 00:00:00,SDIL11,,
2019-10-14 00:00:00,RBGS11,,
2019-10-14 00:00:00,HGRU11,,
2019-10-14 00:00:00,BCFF11,,
2019-10-14 00:00:00,TIET11,100.0,11.96
2019-10-15 00:00:00,MXRF11,,
2019-10-15 00:00:00,RBFF11,10.0,77.01
2019-10-15 00:00:00,RBFF11,10.0,77.1
2019-10-16 00:00:00,RBRR11,,
2019-10-16 00:00:00,FIGS11,10.0,65.03
2019-10-16 00:00:00,MXRF11,100.0,11.2
2019-10-17 00:00:00,VGIR11,,
2019-10-18 00:00:00,CMIG4,100.0,13.7
2019-10-18 00:00:00,VGIR11,10.0,102.55
2019-10-21 00:00:00,XPML11,10.0,109.68
2019-10-23 00:00:00,TIET11,,
2019-10-23 00:00:00,HGTX3,,
2019-10-23 00:00:00,FIGS11,5.0,68.24
2019-10-23 00:00:00,FIGS11,5.0,68.22
2019-10-23 00:00:00,RBFF11,10.0,78.96
2019-10-25 00:00:00,XPML11,,
2019-10-30 00:00:00,UBSR11,11.0,107.76
2019-10-31 00:00:00,EDGA11,,
2019-10-31 00:00:00,MALL11,10.0,102.84
2019-11-01 00:00:00,XPML16,5.0,109.68
2019-11-05 00:00:00,MALL11,10.0,103.85
2019-11-06 00:00:00,,,
2019-11-07 00:00:00,FIGS11,10.0,69.6
2019-11-07 00:00:00,BPFF11,,
2019-11-07 00:00:00,HTMX11,,
2019-11-08 00:00:00,GGRC11,,
2019-11-08 00:00:00,SPTW11,,
2019-11-08 00:00:00,VGIR11,10.0,102.98
2019-11-12 00:00:00,UBSR11,10.0,106.35
2019-11-14 00:00:00,KLBN4,,
2019-11-14 00:00:00,BCFF13,,
2019-11-14 00:00:00,MALL11,,
2019-11-14 00:00:00,RBGS11,,
2019-11-14 00:00:00,HGRU11,,
2019-11-14 00:00:00,UBSR11,,
2019-11-14 00:00:00,RBFF11,,
2019-11-14 00:00:00,SDIL11,,
2019-11-14 00:00:00,MXRF11,,
2019-11-14 00:00:00,VISC11,,
2019-11-14 00:00:00,XPLG11,,
2019-11-14 00:00:00,BCFF11,,
2019-11-18 00:00:00,OUFF11,10.0,95.5
2019-11-18 00:00:00,MXRF12,-500.0,0.08
2019-11-19 00:00:00,RBRR11,,
2019-11-21 00:00:00,VGIR11,,
2019-11-21 00:00:00,,,
2019-11-22 00:00:00,TIET11,,
2019-11-25 00:00:00,XPML14,,
2019-11-25 00:00:00,XPML11,,
2019-11-25 00:00:00,WIZS3,,
2019-11-25 00:00:00,OUFF11,10.0,95.7
2019-11-29 00:00:00,BBAS3,,
2019-11-29 00:00:00,TAEE11,,
2019-11-29 00:00:00,EDGA11,,
2019-11-29 00:00:00,MXRF12,292.0,10.89
2019-11-29 00:00:00,,,
2019-11-29 00:00:00,,,
2019-12-04 00:00:00,UBSR16,8.0,100.0
2019-12-04 00:00:00,,,
2019-12-06 00:00:00,HTMX11,,
2019-12-09 00:00:00,BPFF11,,
2019-12-09 00:00:00,GGRC11,,
2019-12-09 00:00:00,SPTW11,,
2019-12-09 00:00:00,SPTW11,,
2019-12-09 00:00:00,MALL11,5.0,106.8
2019-12-09 00:00:00,UBSR11,10.0,105.3
2019-12-11 00:00:00,VISC13,-46.0,5.3
2019-12-12 00:00:00,BCFF11,,
2019-12-12 00:00:00,BCFF13,,
2019-12-12 00:00:00,MXRF11,,
2019-12-12 00:00:00,,,
2019-12-13 00:00:00,HGRU11,,
2019-12-13 00:00:00,MALL11,,
2019-12-13 00:00:00,RBFF11,,
2019-12-13 00:00:00,RBGS11,,
2019-12-13 00:00:00,SDIL11,,
2019-12-13 00:00:00,UBSR11,,
2019-12-13 00:00:00,VISC11,,
2019-12-13 00:00:00,XPLG11,,
2019-12-16 00:00:00,OUFF11,10.0,97.1
2019-12-17 00:00:00,RBRR11,,
2019-12-18 00:00:00,VGIR11,,
2019-12-20 00:00:00,OUFF11,,
2019-12-23 00:00:00,XPML11,,
2019-12-27 00:00:00,CMIG3,,
2019-12-27 00:00:00,CMIG3,,
2019-12-27 00:00:00,TAEE11,,
2019-12-30 00:00:00,EDGA11,,
2019-12-30 00:00:00,BBAS3,,
2019-12-30 00:00:00,UBSR11,10.0,108.23
2020-01-02 00:00:00,ITSA4,,
2020-01-02 00:00:00,NTNF,,
2020-01-06 00:00:00,,,
2020-01-06 00:00:00,OIBR3,1000.0,0.91
2020-01-07 00:00:00,,,
2020-01-08 00:00:00,HTMX11,,
2020-01-08 00:00:00,BPFF11,,
2020-01-09 00:00:00,GGRC11,,
2020-01-09 00:00:00,SPTW11,,
2020-01-09 00:00:00,ITSA4,76.0,13.62
2020-01-10 00:00:00,BRSR6,50.0,21.07
2020-01-14 00:00:00,ABCB4,,
2020-01-14 00:00:00,MXRF11,,
2020-01-14 00:00:00,MXRF13,,
2020-01-15 00:00:00,MALL11,,
2020-01-15 00:00:00,HGRU11,,
2020-01-15 00:00:00,RBGS11,,
2020-01-15 00:00:00,SDIL11,,
2020-01-15 00:00:00,FIGS11,,
2020-01-15 00:00:00,RBFF11,,
2020-01-15 00:00:00,VISC11,,
2020-01-15 00:00:00,UBSR16,,
2020-01-15 00:00:00,XPLG11,,
2020-01-15 00:00:00,BCFF11,,
2020-01-15 00:00:00,UBSR11,,
2020-01-15 00:00:00,BRSR6,50.0,20.86
2020-01-16 00:00:00,VINO11,11.0,67.6
2020-01-17 00:00:00,RBRR11,,
2020-01-20 00:00:00,VGIR11,,
2020-01-20 00:00:00,,,
2020-01-20 00:00:00,ITSA4,100.0,13.43
2020-01-22 00:00:00,OUFF11,,
2020-01-24 00:00:00,XPML11,,
2020-01-28 00:00:00,,,
2020-01-28 00:00:00,VINO11,10.0,66.83
2020-01-31 00:00:00,EDGA11,,
2020-01-31 00:00:00,BCFF12,-280.0,7.5
2020-01-31 00:00:00,VINO11,10.0,65.85
2020-02-05 00:00:00,BCFF12,-10.0,6.8
2020-02-06 00:00:00,,,
2020-02-06 00:00:00,UBSR11,10.0,107.2
2020-02-07 00:00:00,PETR4,,
2020-02-07 00:00:00,HTMX11,,
2020-02-07 00:00:00,BPFF11,,
2020-02-10 00:00:00,SPTW11,,
2020-02-10 00:00:00,GGRC11,,
2020-02-11 00:00:00,MXRF12,-790.0,0.17
2020-02-13 00:00:00,BRBCFFR28M14,15.0,91.39
2020-02-13 00:00:00,VGIR11,5.0,104.7
2020-02-13 00:00:00,UBSR11,5.0,106.32
2020-02-14 00:00:00,VINO11,,
2020-02-14 00:00:00,HGRU11,,
2020-02-14 00:00:00,MALL11,,
2020-02-14 00:00:00,RBRR11,,
2020-02-14 00:00:00,RBGS11,,
2020-02-14 00:00:00,RBFF11,,
2020-02-14 00:00:00,SDIL11,,
2020-02-14 00:00:00,FIGS11,,
2020-02-14 00:00:00,UBSR11,,
2020-02-14 00:00:00,VISC11,,
2020-02-14 00:00:00,BCFF11,,
2020-02-14 00:00:00,MXRF11,,
2020-02-14 00:00:00,XPLG11,,
2020-02-14 00:00:00,VINO11,10.0,69.1
2020-02-17 00:00:00,NTN-B,,
,,,
2020-02-19 00:00:00,VGIR11,,
2020-02-20 00:00:00,KLBN4,,
2020-02-20 00:00:00,VINO11,10.0,66.25
2020-02-20 00:00:00,UBSR11,5.0,105.29
2020-02-21 00:00:00,OUFF11,,
2020-02-21 00:00:00,XPML11,,
2020-02-21 00:00:00,BRMXRFR07M17,100.0,11.0
2020-02-21 00:00:00,,,
2020-02-21 00:00:00,VINO11,10.0,66.9
2020-02-26 00:00:00,,,
2020-02-26 00:00:00,RBFF11,10.0,86.98
2020-02-27 00:00:00,,,
2020-02-27 00:00:00,RBFF11,6.0,86.05
2020-02-27 00:00:00,BRSR6,50.0,17.97
2020-02-28 00:00:00,,,
2020-02-28 00:00:00,EDGA11,,
2020-02-28 00:00:00,FIGS11,10.0,78.51
2020-02-28 00:00:00,BRSR6,50.0,17.45
2020-03-04 00:00:00,,,
2020-03-04 00:00:00,BRSR6,50.0,17.86
2020-03-05 00:00:00,BBAS3,,
2020-03-05 00:00:00,NTN-F 2031,,
2020-03-06 00:00:00,ITSA4,,
2020-03-06 00:00:00,HTMX11,,
2020-03-06 00:00:00,MXRF11,,
2020-03-06 00:00:00,MXRF13,,
2020-03-06 00:00:00,BPFF11,,
2020-03-06 00:00:00,NTN-F 2031,,
2020-03-06 00:00:00,ITSA4,70.0,11.52
2020-03-06 00:00:00,BRSR6,50.0,16.38
2020-03-09 00:00:00,SPTW11,,
2020-03-09 00:00:00,GGRC11,,
2020-03-09 00:00:00,,,
2020-03-09 00:00:00,ITSA4,60.0,10.89
2020-03-09 00:00:00,VGIR11,5.0,97.65
2020-03-10 00:00:00,BMEB4,,
2020-03-11 00:00:00,,,
2020-03-11 00:00:00,MXRF11,12.0,10.94
2020-03-11 00:00:00,MXRF11,88.0,10.95
2020-03-12 00:00:00,,,
2020-03-12 00:00:00,ITSA4,100.0,9.55
2020-03-13 00:00:00,UBSR11,,
2020-03-13 00:00:00,VISC11,,
2020-03-13 00:00:00,BCFF11,,
2020-03-13 00:00:00,RBGS11,,
2020-03-13 00:00:00,SDIL11,,
2020-03-13 00:00:00,BCFF13,,
2020-03-13 00:00:00,FIGS11,,
2020-03-13 00:00:00,MALL11,,
2020-03-13 00:00:00,XPLG11,,
2020-03-13 00:00:00,VINO11,,
2020-03-13 00:00:00,HGRU11,,
2020-03-13 00:00:00,UBSR11,10.0,96.6
2020-03-13 00:00:00,RBFF11,,
2020-03-16 00:00:00,MXRF11,100.0,9.96
2020-03-16 00:00:00,,,
2020-03-17 00:00:00,RBFF11,10.0,75.77
2020-03-17 00:00:00,RBRR11,,
2020-03-17 00:00:00,,,
2020-03-18 00:00:00,VGIR11,,
2020-03-18 00:00:00,MXRF11,45.0,9.69
2020-03-20 00:00:00,OUFF11,,
2020-03-20 00:00:00,,,
2020-03-20 00:00:00,NTN-F 2031,,
2020-03-20 00:00:00,NTN-F 2031,,
2020-03-20 00:00:00,RBFF11,10.0,61.99
2020-03-24 00:00:00,,,
2020-03-24 00:00:00,MXRF11,35.0,8.99
2020-03-24 00:00:00,VGIR11,10.0,69.52
2020-03-26 00:00:00,,,
2020-03-26 00:00:00,VINO11,10.0,52.0
2020-03-27 00:00:00,,,
2020-03-27 00:00:00,RBFF11,10.0,68.9
2020-03-30 00:00:00,BRSR6,,
2020-03-31 00:00:00,BBAS3,,
2020-03-31 00:00:00,EDGA11,,
2020-03-31 00:00:00,,,
2020-03-31 00:00:00,BRSR6,100.0,11.93
2020-04-01 00:00:00,ITSA4,,
2020-04-02 00:00:00,VISC11,8.0,90.3
2020-04-03 00:00:00,,,
2020-04-03 00:00:00,NTN-F 2031,,
2020-04-07 00:00:00,BPFF11,,
2020-04-08 00:00:00,,,
2020-04-08 00:00:00,BCFF11,10.0,79.15
2020-04-08 00:00:00,GGRC11,,
2020-04-08 00:00:00,SPTW11,,
2020-04-14 00:00:00,MXRF13,,
2020-04-14 00:00:00,VINO11,,
2020-04-14 00:00:00,MXRF11,,
2020-04-14 00:00:00,VISC11,,
2020-04-14 00:00:00,XPLG11,,
2020-04-15 00:00:00,UBSR11,,
2020-04-15 00:00:00,SDIL11,,
2020-04-15 00:00:00,RBFF11,,
2020-04-15 00:00:00,MALL11,,
2020-04-15 00:00:00,HGRU11,,
2020-04-15 00:00:00,FIGS11,,
2020-04-15 00:00:00,BCFF11,,
2020-04-15 00:00:00,RBRR11,10.0,92.68
2020-04-17 00:00:00,RBRR11,,
2020-04-20 00:00:00,VGIR11,,
2020-04-22 00:00:00,,,
2020-04-22 00:00:00,VINO11,10.0,52.44
2020-04-23 00:00:00,OUFF11,,
2020-04-24 00:00:00,BBAS3,34.0,24.81
2020-04-30 00:00:00,,,
2020-04-30 00:00:00,EDGA11,,
2020-04-30 00:00:00,MXRF11,100.0,10.02
2020-05-06 00:00:00,,,
2020-05-06 00:00:00,MXRF11,100.0,9.99
2020-05-08 00:00:00,BPFF11,,
2020-05-11 00:00:00,SPTW11,,
2020-05-11 00:00:00,GGRC11,,
2020-05-12 00:00:00,,,
2020-05-12 00:00:00,NTN-F 2031,0.5,
2020-05-14 00:00:00,NTN-F 2031,0.5,
2020-05-15 00:00:00,XPLG11,,
2020-05-15 00:00:00,VISC11,,
2020-05-15 00:00:00,VINO11,,
2020-05-15 00:00:00,UBSR11,,
2020-05-15 00:00:00,TAEE11,,
2020-05-15 00:00:00,SDIL11,,
2020-05-15 00:00:00,RBFF11,,
2020-05-15 00:00:00,MXRF11,,
2020-05-15 00:00:00,MALL11,,
2020-05-15 00:00:00,HGRU11,,
2020-05-15 00:00:00,FIGS11,,
2020-05-15 00:00:00,BCFF11,,
2020-05-15 00:00:00,BPFF11,10.0,90.88
2020-05-19 00:00:00,RBRR11,,
2020-05-20 00:00:00,VGIR11,,
2020-05-20 00:00:00,TIET11,,
2020-05-21 00:00:00,,,
2020-05-21 00:00:00,BPFF11,10.0,89.96
2020-05-22 00:00:00,OUFF11,,
2020-05-25 00:00:00,WIZS3,,
2020-05-28 00:00:00,TAEE11,,
2020-05-28 00:00:00,,,
2020-05-28 00:00:00,OUFF11,10.0,95.1
2020-05-29 00:00:00,EDGA11,,
2020-05-29 00:00:00,ITSA4,100.0,8.86
2020-06-03 00:00:00,,,
2020-06-04 00:00:00,VINO11,9.0,54.7
2020-06-04 00:00:00,NTN-F 2031,0.4,
2020-06-05 00:00:00,BPFF11,,
2020-06-08 00:00:00,,,
2020-06-08 00:00:00,SPTW11,,
2020-06-08 00:00:00,GGRC11,,
2020-06-10 00:00:00,MALL11,10.0,89.82
2020-06-12 00:00:00,HGRU11,,
2020-06-12 00:00:00,MALL11,,
2020-06-15 00:00:00,XPLG11,,
2020-06-15 00:00:00,RBFF11,,
2020-06-15 00:00:00,SDIL11,,
2020-06-15 00:00:00,BCFF11,,
2020-06-15 00:00:00,FIGS11,,
2020-06-15 00:00:00,VINO11,,
2020-06-15 00:00:00,VISC11,,
2020-06-15 00:00:00,UBSR11,,
2020-06-15 00:00:00,MXRF11,,
2020-06-15 00:00:00,MALL11,6.0,88.5
2020-06-15 00:00:00,UBSR11,5.0,99.74
2020-06-17 00:00:00,RBRR11,,
2020-06-18 00:00:00,VGIR11,,
2020-06-19 00:00:00,,,
2020-06-22 00:00:00,SAPR4,,
2020-06-22 00:00:00,OUFF11,,
2020-06-22 00:00:00,BRSR6,,
2020-06-24 00:00:00,,,
2020-06-24 00:00:00,BRSR6,100.0,13.95
2020-06-24 00:00:00,ITSA4,90.0,9.77
2020-06-25 00:00:00,XPML11,,
2020-06-30 00:00:00,EDGA11,,
2020-07-01 00:00:00,ITSA4,,
2020-07-01 00:00:00,NTN-F 2031,,
2020-07-06 00:00:00,,,
2020-07-07 00:00:00,BPFF11,,
2020-07-07 00:00:00,RBFF11,5.0,70.35
2020-07-07 00:00:00,UBSR11,5.0,101.42
2020-07-08 00:00:00,GGRC11,,
2020-07-08 00:00:00,SPTW11,,
2020-07-09 00:00:00,OUFF12,-57.0,0.85
2020-07-09 00:00:00,RBFF11,5.0,70.07
2020-07-10 00:00:00,MALL11,7.0,88.77
2020-07-14 00:00:00,VISC11,,
2020-07-14 00:00:00,MALL11,,
2020-07-14 00:00:00,RBGS11,,
2020-07-14 00:00:00,UBSR11,,
2020-07-14 00:00:00,VINO11,,
2020-07-14 00:00:00,BCFF11,,
2020-07-14 00:00:00,MXRF11,,
2020-07-14 00:00:00,HGRU11,,
2020-07-14 00:00:00,FIGS11,,
2020-07-15 00:00:00,SDIL11,,
2020-07-15 00:00:00,XPLG11,,
2020-07-15 00:00:00,RBFF11,,
2020-07-15 00:00:00,RBFF11,10.0,69.99
2020-07-16 00:00:00,RBRR11,,
2020-07-17 00:00:00,VGIR11,,
2020-07-20 00:00:00,,,
2020-07-21 00:00:00,OUFF11,,
2020-07-21 00:00:00,MALL11,10.0,86.55
2020-07-24 00:00:00,XPML11,,
2020-07-29 00:00:00,,,
2020-07-29 00:00:00,OUFF11,10.0,92.9
2020-07-31 00:00:00,,,
2020-07-31 00:00:00,BRSR6,95.0,14.35
2020-07-31 00:00:00,ITSA4,100.0,10.69
2020-08-05 00:00:00,,,
2020-08-05 00:00:00,RBRR11,10.0,98.0
2020-08-06 00:00:00,ECOR3,-400.0,14.05
2020-08-06 00:00:00,BRSR6,400.0,13.75
2020-08-07 00:00:00,BPFF11,,
2020-08-10 00:00:00,SPTW11,,
2020-08-10 00:00:00,GGRC11,,
2020-08-14 00:00:00,MXRF11,,
2020-08-14 00:00:00,BCFF11,,
2020-08-14 00:00:00,XPLG11,,
2020-08-14 00:00:00,RBRR11,,
2020-08-14 00:00:00,VISC11,,
2020-08-14 00:00:00,SDIL11,,
2020-08-14 00:00:00,VINO11,,
2020-08-14 00:00:00,RBFF11,,
2020-08-14 00:00:00,HGRU11,,
2020-08-14 00:00:00,UBSR11,,
2020-08-14 00:00:00,MALL11,,
2020-08-14 00:00:00,BRSR6,90.0,13.73
2020-08-17 00:00:00,MXRF12,-728.0,0.05
2020-08-17 00:00:00,NTN-B-2026,,
2020-08-19 00:00:00,VGIR11,,
2020-08-20 00:00:00,,,
2020-08-21 00:00:00,MXRF11,100.0,10.28
2020-08-21 00:00:00,OUFF11,,
2020-08-25 00:00:00,XPML11,,
2020-08-26 00:00:00,TAEE11,,
2020-08-26 00:00:00,TIET11,,
2020-08-26 00:00:00,ITSA4,,
2020-08-27 00:00:00,MXRF11,100.0,10.39
2020-08-31 00:00:00,,,
2020-08-31 00:00:00,OUFF11,5.0,86.88
2020-08-31 00:00:00,BBAS3,,
2020-08-31 00:00:00,EDGA11,,
2020-09-01 00:00:00,RBFF11,10.0,71.5
2020-09-04 00:00:00,BPFF12,-214.0,0.31
2020-09-04 00:00:00,,,
2020-09-04 00:00:00,RBFF11,10.0,73.04
2020-09-08 00:00:00,BPFF11,,
2020-09-09 00:00:00,SPTW11,,
2020-09-09 00:00:00,GGRC11,,
2020-09-09 00:00:00,OUFF11,8.0,85.01
2020-09-10 00:00:00,,,
2020-09-11 00:00:00,BRSR6,80.0,12.88
2020-09-15 00:00:00,XPLG11,,
2020-09-15 00:00:00,RBFF11,,
2020-09-15 00:00:00,FIGS11,,
2020-09-15 00:00:00,BCFF11,,
2020-09-15 00:00:00,MXRF11,,
2020-09-15 00:00:00,SDIL11,,
2020-09-15 00:00:00,RECR11,,
2020-09-15 00:00:00,VISC11,,
2020-09-15 00:00:00,VINO11,,
2020-09-15 00:00:00,HGRU11,,
2020-09-15 00:00:00,MALL11,,
2020-09-16 00:00:00,RBFF11,10.0,73.28
2020-09-16 00:00:00,,,
2020-09-17 00:00:00,RBRR11,,
2020-09-17 00:00:00,RECR11,10.0,101.8
2020-09-18 00:00:00,,,
2020-09-18 00:00:00,VGIR11,,
2020-09-18 00:00:00,NTF-2031,,
2020-09-21 00:00:00,ITSA4,70.0,8.91
2020-09-22 00:00:00,OUFF11,,
2020-09-23 00:00:00,ABCB4,,
2020-09-23 00:00:00,ABCB4,10.0,13.71
2020-09-23 00:00:00,TIET11,,
2020-09-25 00:00:00,XPML11,,
2020-09-29 00:00:00,BPFF11,10.0,80.51
2020-09-29 00:00:00,,,
2020-09-30 00:00:00,,,
2020-09-30 00:00:00,BBAS3,,
2020-09-30 00:00:00,EDGA11,,
2020-09-30 00:00:00,NTF-2031,,
2020-09-30 00:00:00,ITSA4,100.0,8.86
2020-10-01 00:00:00,ITSA4,,
2020-10-01 00:00:00,,,
2020-10-05 00:00:00,,,
2020-10-05 00:00:00,BRSR6,100.0,12.0
2020-10-07 00:00:00,BPFF11,,
2020-10-08 00:00:00,GGRC11,,
2020-10-08 00:00:00,SPTW11,,
2020-10-08 00:00:00,NTF-2031,,
2020-10-09 00:00:00,OUFF11,7.0,85.6
2020-10-15 00:00:00,VISC11,,
2020-10-15 00:00:00,BCFF11,,
2020-10-15 00:00:00,MXRF11,,
2020-10-15 00:00:00,SDIL11,,
2020-10-15 00:00:00,VINO11,,
2020-10-15 00:00:00,MXRF13,,
2020-10-15 00:00:00,RBFF11,,
2020-10-15 00:00:00,XPLG11,,
2020-10-15 00:00:00,FIGS11,,
2020-10-15 00:00:00,RECR11,,
2020-10-15 00:00:00,HGRU11,,
2020-10-15 00:00:00,MALL11,,
2020-10-16 00:00:00,NTF-2031,,
2020-10-19 00:00:00,RBRR11,,
2020-10-20 00:00:00,VGIR11,,
2020-10-20 00:00:00,RECR11,20.0,90.0
2020-10-21 00:00:00,,,
2020-10-21 00:00:00,JUROS DE MORA,,
2020-10-22 00:00:00,,,
2020-10-22 00:00:00,OUFF11,,
2020-10-22 00:00:00,JUROS DE MORA,,
2020-10-23 00:00:00,XPML11,,
2020-10-29 00:00:00,,,
2020-10-29 00:00:00,RBFF11,10.0,72.19
2020-10-30 00:00:00,,,
2020-10-30 00:00:00,EDGA11,,
2020-10-30 00:00:00,BPFF11,10.0,72.19
2020-11-05 00:00:00,,,
2020-11-05 00:00:00,OUFF11,10.0,84.59
2020-11-06 00:00:00,,,
2020-11-09 00:00:00,BPFF13,,
2020-11-09 00:00:00,BPFF11,,
2020-11-10 00:00:00,SPTW11,,
2020-11-10 00:00:00,GGRC11,,
2020-11-11 00:00:00,VINO11,10.0,59.94
2020-11-13 00:00:00,RBFF11,,
2020-11-13 00:00:00,SDIL11,,
2020-11-13 00:00:00,XPLG11,,
2020-11-16 00:00:00,VISC11,,
2020-11-16 00:00:00,VINO11,,
2020-11-16 00:00:00,RECR13,,
2020-11-16 00:00:00,RECR11,,
2020-11-16 00:00:00,MXRF11,,
2020-11-16 00:00:00,MALL11,,
2020-11-16 00:00:00,HGRU11,,
2020-11-16 00:00:00,FIGS11,,
2020-11-16 00:00:00,BCFF11,,
2020-11-17 00:00:00,PORD11,10.0,100.15
2020-11-18 00:00:00,RBRR11,,
2020-11-19 00:00:00,VGIR11,,
2020-11-19 00:00:00,PORD11,10.0,100.6
2020-11-23 00:00:00,OUFF11,,
2020-11-25 00:00:00,TAEE11,,
2020-11-25 00:00:00,TIET11,,
2020-11-25 00:00:00,WIZS3,,
2020-11-25 00:00:00,XPML11,,
2020-11-27 00:00:00,BBAS3,,
2020-11-30 00:00:00,EDGA11,,
2020-11-30 00:00:00,PORD11,10.0,103.0
2020-12-02 00:00:00,,,
2020-12-03 00:00:00,BPFF11,10.0,77.7
2020-12-07 00:00:00,BPFF11,,
2020-12-07 00:00:00,PORD11,,
2020-12-08 00:00:00,,,
2020-12-08 00:00:00,SPTW11,,
2020-12-08 00:00:00,GGRC11,,
2020-12-11 00:00:00,FIGS11,10.0,62.85
2020-12-11 00:00:00,MXRF11,90.0,10.24
2020-12-14 00:00:00,,,
2020-12-14 00:00:00,XPLG11,,
2020-12-14 00:00:00,VISC11,,
2020-12-14 00:00:00,VINO11,,
2020-12-14 00:00:00,RECR13,,
2020-12-14 00:00:00,MXRF11,,
2020-12-14 00:00:00,BCFF11,,
2020-12-14 00:00:00,HGRU11,,
2020-12-14 00:00:00,FIGS11,,
2020-12-14 00:00:00,RECR11,,
2020-12-14 00:00:00,MALL11,,
2020-12-15 00:00:00,RBFF11,,
2020-12-15 00:00:00,SDIL11,,
2020-12-15 00:00:00,PETR4,,
2020-12-15 00:00:00,OUFF11,10.0,80.2
2020-12-16 00:00:00,RBRR11,,
2020-12-17 00:00:00,VGIR11,,
2020-12-18 00:00:00,,,
2020-12-18 00:00:00,EDGA11,20.0,29.73
2020-12-21 00:00:00,OUFF11,,
2020-12-21 00:00:00,OIBR3,500.0,2.14
2020-12-21 00:00:00,MXRF11,80.0,10.2
2020-12-23 00:00:00,XPML11,,
2020-12-28 00:00:00,BRSR6,,
2020-12-28 00:00:00,TAEE11,,
2020-12-30 00:00:00,,,
2020-12-30 00:00:00,CMIG3,,
2020-12-30 00:00:00,CMIG4,,
2020-12-30 00:00:00,BBAS3,,
2020-12-30 00:00:00,EDGA11,,
2020-12-30 00:00:00,BPFF11,10.0,80.7
2020-12-30 00:00:00,BBSE3,42.0,29.8
2021-01-04 00:00:00,ITSA4,,
2021-01-04 00:00:00,NTN-F,,
2021-01-05 00:00:00,,,
2021-01-05 00:00:00,BBSE3,55.0,28.65
2021-01-08 00:00:00,SPTW11,,
2021-01-08 00:00:00,BPFF11,,
2021-01-08 00:00:00,PORD11,,
2021-01-11 00:00:00,GGRC11,,
2021-01-13 00:00:00,,,
2021-01-15 00:00:00,FIGS11,,
2021-01-15 00:00:00,BCFF11,,
2021-01-15 00:00:00,SDIL11,,
2021-01-15 00:00:00,RECR11,,
2021-01-15 00:00:00,MALL11,,
2021-01-15 00:00:00,XPLG11,,
2021-01-15 00:00:00,VISC11,,
2021-01-15 00:00:00,VINO11,,
2021-01-15 00:00:00,RBGS11,,
2021-01-15 00:00:00,HGRU11,,
2021-01-15 00:00:00,MXRF11,,
2021-01-15 00:00:00,RBFF11,,
2021-01-15 00:00:00,BBSE3,53.0,29.54
2020-01-18 00:00:00,PORD11,10.0,103.49
2021-01-19 00:00:00,RBRR11,,
2021-01-20 00:00:00,VGIR11,,
2021-01-20 00:00:00,BRSR6,,
2021-01-22 00:00:00,XPML11,,
2021-01-22 00:00:00,OUFF11,,
2021-01-28 00:00:00,,,
2021-01-29 00:00:00,EDGA11,,
2021-02-02 00:00:00,VINO11,10.0,63.15
2021-02-03 00:00:00,BPFF11,10.0,79.9
2021-02-03 00:00:00,,,
2021-02-05 00:00:00,BPFF11,,
2021-02-05 00:00:00,PORD11,,
2021-02-08 00:00:00,SPTW11,,
2021-02-09 00:00:00,GGRC11,,
2021-02-10 00:00:00,,,
2021-02-12 00:00:00,SDIL11,,
2021-02-12 00:00:00,RBGS11,,
2021-02-12 00:00:00,XPLG11,,
2021-02-12 00:00:00,BCFF11,,
2021-02-12 00:00:00,MXRF11,,
2021-02-12 00:00:00,HGRU11,,
2021-02-12 00:00:00,RBFF11,,
2021-02-12 00:00:00,RBRR11,,
2021-02-12 00:00:00,RECR11,,
2021-02-12 00:00:00,VISC11,,
2021-02-12 00:00:00,MALL11,,
2021-02-12 00:00:00,VINO11,,
2021-02-12 00:00:00,FIGS11,,
2021-02-17 00:00:00,NTN-B-2026,,
2021-02-18 00:00:00,ABCB4,,
2021-02-18 00:00:00,BRABCBR17PR5,20.0,12.0165
2021-02-18 00:00:00,PORD11,10.0,103.49
2021-02-18 00:00:00,OUFF11,10.0,85.8
2021-02-18 00:00:00,BPFF11,10.0,80.45
2021-02-21 00:00:00,VGIR11,,
2021-02-22 00:00:00,BBSE3,50.0,26.59
2021-02-22 00:00:00,BBAS3,50.0,29.54
2021-02-22 00:00:00,BBAS3,50.0,28.82
2021-02-22 00:00:00,PORD11,10.0,102.8
2021-02-22 00:00:00,,,
2021-02-23 00:00:00,OUFF11,,
2021-02-25 00:00:00,XPML11,,
2021-02-25 00:00:00,BBSE3,,
2021-02-26 00:00:00,EDGA11,,
2021-02-26 00:00:00,,,
2021-02-26 00:00:00,BPFF11,10.0,78.8
2021-02-26 00:00:00,BBSE3,100.0,28.21
2021-02-26 00:00:00,ABCB10,-20.0,15.12
2021-03-01 00:00:00,,,
2021-03-01 00:00:00,BBSE3,100.0,25.26
2021-03-02 00:00:00,,,
2021-03-02 00:00:00,NTNF-2031,,
2021-03-02 00:00:00,BBAS3,66.0,27.7
2021-03-03 00:00:00,,,
2021-03-03 00:00:00,BBAS3,,
2021-03-03 00:00:00,CVCB3,200.0,14.4
2021-03-05 00:00:00,FIGS11,10.0,59.28
2021-03-05 00:00:00,BMEB4,,
2021-03-05 00:00:00,BPFF11,,
2021-03-05 00:00:00,PORD11,,
2021-03-08 00:00:00,,,
2021-03-08 00:00:00,OIBR3,500.0,1.9
2021-03-08 00:00:00,GGRC11,,
2021-03-08 00:00:00,SPTW11,,
2021-03-09 00:00:00,,,
2021-03-11 00:00:00,CVCB3,-200.0,16.6
2021-03-12 00:00:00,BBSE3,50.0,23.94
2021-03-12 00:00:00,VGIR11,10.0,90.62
2021-03-12 00:00:00,ITSA4,,
2021-03-12 00:00:00,RBGS11,,
2021-03-12 00:00:00,BCFF11,,
2021-03-12 00:00:00,MALL11,,
2021-03-12 00:00:00,HGRU11,,
2021-03-12 00:00:00,MXRF11,,
2021-03-12 00:00:00,RECR11,,
2021-03-12 00:00:00,FIGS11,,
2021-03-12 00:00:00,VINO11,,
2021-03-12 00:00:00,VISC11,,
2021-03-12 00:00:00,XPLG11,,
2021-03-15 00:00:00,RBFF11,,
2021-03-15 00:00:00,SDIL11,,
2021-03-16 00:00:00,RBRR11,,
2021-03-17 00:00:00,VGIR11,,
2021-03-18 00:00:00,BRSR6,,
2021-03-19 00:00:00,BPFF12,-190.0,0.59
2021-03-19 00:00:00,OUFF11,,
2021-03-24 00:00:00,NTN-F 2031,,
2021-03-24 00:00:00,BCFF11,7.0,86.9
2021-03-25 00:00:00,XPML11,,
2021-03-25 00:00:00,MXRF12,200.0,10.15
2021-03-26 00:00:00,OIBR3,500.0,1.82
2021-03-31 00:00:00,BBAS3,,
2021-03-31 00:00:00,EDGA11,,
2021-04-01 00:00:00,ITSA4,,
2021-04-05 00:00:00,FIGS11,10.0,58.45
2021-04-06 00:00:00,OIBR3,500.0,1.89
2021-04-07 00:00:00,NTN-F 2031,,
2021-04-08 00:00:00,,,
2021-04-08 00:00:00,BCFF11,10.0,85.82
2021-04-08 00:00:00,SPTW11,,
2021-04-08 00:00:00,PORD11,,
,,,
,,,
,,,
,,,
,,,
,,,
,,,
TOTAL,,33835.4,26533.81316666664
,,,
ATUAL,,,
Rentab,,,
Rentab,,,
,,,
,,,
,,,
,,,
,,,
,,,
,,,
,,,
,,,
,,,
,,,
,,,
,,,
,,,
,,,
,,,
,,,
,,,
,,,
,,,
,,,
,,,
,,,
,,,
,,,
,,,
,,,
,,,
,,,
,,,
,,,
,,,
,,,
,,,
,,,
,,,
,,,
,,,
,,,
,,,
,,,
,,,
,,,
,,,
,,,
,,,
,,,
,,,
,,,
,,,
,,,
,,,
,,,
,,,
,,,
,,,
,,,
,,,
,,,
,,,
,,,
,,,
,,,
,,,
,,,
,,,
,,,
,,,
,,,
,,,
,,,
,,,
,,,
,,,
,,,
,,,
,,,
,,,
,,,
,,,
,,,
,,,
,,,
,,,
,,,
,,,
